avatar_Id,avatar_Name
5545,2022-10-13_13:54:06_avatar
5546,2022-10-13_13:54:37_avatar
6056,2022-10-13_16:19:44_avatar
6057,2022-10-13_16:25:29_avatar
6058,2022-10-13_16:25:31_avatar
6059,2022-10-13_16:25:32_avatar
6093,2022-10-13_17:21:19_avatar
6218,2022-10-13_18:46:28_avatar
6219,2022-10-13_18:47:39_avatar
6220,2022-10-13_18:48:11_avatar
6221,2022-10-13_18:48:30_avatar
21244,2022-10-13_22:29:17_avatar
26978,2022-10-13_22:48:45_avatar
28238,2022-10-13_23:00:46_avatar
28239,2022-10-13_23:03:58_avatar
28240,2022-10-13_23:04:20_avatar
28241,2022-10-13_23:05:03_avatar
28242,2022-10-13_23:05:28_avatar
28243,2022-10-13_23:05:37_avatar
28244,2022-10-13_23:05:57_avatar
28273,2022-10-13_23:06:07_avatar
28274,2022-10-13_23:06:10_avatar
28275,2022-10-13_23:06:13_avatar
28276,2022-10-13_23:06:18_avatar
28277,2022-10-13_23:07:53_avatar
28278,2022-10-13_23:08:06_avatar
28279,2022-10-13_23:08:19_avatar
28280,2022-10-13_23:08:27_avatar
28281,2022-10-13_23:08:34_avatar
28282,2022-10-13_23:08:52_avatar
28377,2022-10-13_23:36:26_avatar
28378,2022-10-13_23:37:07_avatar
28379,2022-10-13_23:37:08_avatar
28380,2022-10-13_23:37:16_avatar
28381,2022-10-13_23:37:17_avatar
28382,2022-10-13_23:37:41_avatar
28383,2022-10-13_23:37:42_avatar
28384,2022-10-13_23:39:39_avatar
28385,2022-10-13_23:39:40_avatar
28386,2022-10-13_23:40:37_avatar
28387,2022-10-13_23:40:39_avatar
31692,2022-10-15_15:19:29_avatar
31693,2022-10-15_15:19:31_avatar
31694,2022-10-15_15:19:32_avatar
31695,2022-10-15_15:19:33_avatar
31696,2022-10-15_15:19:34_avatar
31697,2022-10-15_15:19:36_avatar
31698,2022-10-15_15:19:37_avatar
31699,2022-10-15_15:19:38_avatar
31700,2022-10-15_15:19:39_avatar
31701,2022-10-15_15:19:41_avatar
31702,2022-10-15_15:19:42_avatar
31703,2022-10-15_15:19:43_avatar
31704,2022-10-15_15:19:45_avatar
31705,2022-10-15_15:19:46_avatar
31706,2022-10-15_15:19:47_avatar
31707,2022-10-15_15:19:48_avatar
31708,2022-10-15_15:19:50_avatar
31709,2022-10-15_15:19:51_avatar
31710,2022-10-15_15:19:53_avatar
31711,2022-10-15_15:19:55_avatar
31712,2022-10-15_15:19:56_avatar
31719,2022-10-15_15:20:05_avatar
31788,2022-10-15_15:26:50_avatar
31789,2022-10-15_15:26:52_avatar
31790,2022-10-15_15:26:53_avatar
31791,2022-10-15_15:26:54_avatar
31792,2022-10-15_15:26:56_avatar
31793,2022-10-15_15:26:57_avatar
31794,2022-10-15_15:26:58_avatar
31795,2022-10-15_15:27:00_avatar
31796,2022-10-15_15:27:01_avatar
31797,2022-10-15_15:27:02_avatar
31798,2022-10-15_15:27:03_avatar
31799,2022-10-15_15:27:05_avatar
31800,2022-10-15_15:27:06_avatar
31801,2022-10-15_15:27:07_avatar
31802,2022-10-15_15:27:08_avatar
31803,2022-10-15_15:27:10_avatar
31804,2022-10-15_15:27:11_avatar
31805,2022-10-15_15:27:12_avatar
31806,2022-10-15_15:27:14_avatar
31807,2022-10-15_15:27:15_avatar
31808,2022-10-15_15:27:16_avatar
31809,2022-10-15_15:27:17_avatar
31810,2022-10-15_15:27:19_avatar
31811,2022-10-15_15:27:20_avatar
31812,2022-10-15_15:27:21_avatar
31813,2022-10-15_15:27:23_avatar
31814,2022-10-15_15:27:24_avatar
31815,2022-10-15_15:27:25_avatar
31816,2022-10-15_15:27:26_avatar
31817,2022-10-15_15:27:28_avatar
31818,2022-10-15_15:27:29_avatar
31819,2022-10-15_15:27:30_avatar
31820,2022-10-15_15:27:31_avatar
31821,2022-10-15_15:27:33_avatar
31822,2022-10-15_15:27:34_avatar
31823,2022-10-15_15:27:35_avatar
31824,2022-10-15_15:27:37_avatar
31825,2022-10-15_15:27:38_avatar
31826,2022-10-15_15:27:39_avatar
31827,2022-10-15_15:27:41_avatar
31828,2022-10-15_15:27:42_avatar
31829,2022-10-15_15:27:43_avatar
31830,2022-10-15_15:27:45_avatar
31831,2022-10-15_15:27:46_avatar
31832,2022-10-15_15:27:47_avatar
31833,2022-10-15_15:27:48_avatar
31834,2022-10-15_15:27:50_avatar
31835,2022-10-15_15:27:51_avatar
31836,2022-10-15_15:27:52_avatar
31837,2022-10-15_15:27:54_avatar
31838,2022-10-15_15:27:55_avatar
31839,2022-10-15_15:27:56_avatar
31840,2022-10-15_15:27:57_avatar
31841,2022-10-15_15:27:59_avatar
31842,2022-10-15_15:28:00_avatar
31843,2022-10-15_15:28:01_avatar
31844,2022-10-15_15:28:02_avatar
31845,2022-10-15_15:28:04_avatar
31846,2022-10-15_15:28:05_avatar
31847,2022-10-15_15:28:06_avatar
31848,2022-10-15_15:28:08_avatar
31849,2022-10-15_15:28:09_avatar
31850,2022-10-15_15:28:10_avatar
31851,2022-10-15_15:28:11_avatar
31852,2022-10-15_15:28:13_avatar
31853,2022-10-15_15:28:14_avatar
31854,2022-10-15_15:28:15_avatar
31855,2022-10-15_15:28:16_avatar
31856,2022-10-15_15:28:18_avatar
31857,2022-10-15_15:28:19_avatar
31858,2022-10-15_15:28:20_avatar
31859,2022-10-15_15:28:22_avatar
31628,2022-10-15_15:17:36_avatar
31629,2022-10-15_15:17:37_avatar
31630,2022-10-15_15:17:56_avatar
31631,2022-10-15_15:17:58_avatar
31632,2022-10-15_15:17:59_avatar
31633,2022-10-15_15:18:00_avatar
31634,2022-10-15_15:18:01_avatar
31635,2022-10-15_15:18:03_avatar
31636,2022-10-15_15:18:04_avatar
31637,2022-10-15_15:18:05_avatar
31638,2022-10-15_15:18:19_avatar
31639,2022-10-15_15:18:20_avatar
31640,2022-10-15_15:18:22_avatar
31641,2022-10-15_15:18:23_avatar
31642,2022-10-15_15:18:24_avatar
31643,2022-10-15_15:18:25_avatar
31644,2022-10-15_15:18:27_avatar
31645,2022-10-15_15:18:28_avatar
31646,2022-10-15_15:18:29_avatar
31647,2022-10-15_15:18:31_avatar
31648,2022-10-15_15:18:32_avatar
31649,2022-10-15_15:18:33_avatar
31650,2022-10-15_15:18:34_avatar
31651,2022-10-15_15:18:36_avatar
31652,2022-10-15_15:18:37_avatar
31653,2022-10-15_15:18:38_avatar
31654,2022-10-15_15:18:40_avatar
31655,2022-10-15_15:18:41_avatar
31656,2022-10-15_15:18:42_avatar
31657,2022-10-15_15:18:43_avatar
31658,2022-10-15_15:18:45_avatar
31659,2022-10-15_15:18:46_avatar
31660,2022-10-15_15:18:47_avatar
31661,2022-10-15_15:18:48_avatar
31662,2022-10-15_15:18:50_avatar
31663,2022-10-15_15:18:51_avatar
31664,2022-10-15_15:18:52_avatar
31665,2022-10-15_15:18:53_avatar
31666,2022-10-15_15:18:55_avatar
31667,2022-10-15_15:18:56_avatar
31668,2022-10-15_15:18:57_avatar
31669,2022-10-15_15:18:59_avatar
31670,2022-10-15_15:19:00_avatar
31671,2022-10-15_15:19:01_avatar
31672,2022-10-15_15:19:02_avatar
31673,2022-10-15_15:19:04_avatar
31674,2022-10-15_15:19:05_avatar
31675,2022-10-15_15:19:06_avatar
31676,2022-10-15_15:19:08_avatar
31677,2022-10-15_15:19:09_avatar
31678,2022-10-15_15:19:10_avatar
31679,2022-10-15_15:19:11_avatar
31680,2022-10-15_15:19:13_avatar
31681,2022-10-15_15:19:14_avatar
31682,2022-10-15_15:19:15_avatar
31683,2022-10-15_15:19:16_avatar
31684,2022-10-15_15:19:18_avatar
31685,2022-10-15_15:19:19_avatar
31686,2022-10-15_15:19:20_avatar
31687,2022-10-15_15:19:22_avatar
31688,2022-10-15_15:19:23_avatar
31689,2022-10-15_15:19:24_avatar
31690,2022-10-15_15:19:26_avatar
31691,2022-10-15_15:19:27_avatar
31713,2022-10-15_15:19:57_avatar
31714,2022-10-15_15:19:58_avatar
31715,2022-10-15_15:20:00_avatar
31716,2022-10-15_15:20:01_avatar
31717,2022-10-15_15:20:02_avatar
31718,2022-10-15_15:20:03_avatar
31720,2022-10-15_15:20:06_avatar
31721,2022-10-15_15:20:08_avatar
31722,2022-10-15_15:20:09_avatar
31723,2022-10-15_15:20:10_avatar
31724,2022-10-15_15:20:11_avatar
31725,2022-10-15_15:20:13_avatar
31726,2022-10-15_15:20:14_avatar
31727,2022-10-15_15:20:15_avatar
31728,2022-10-15_15:20:17_avatar
31729,2022-10-15_15:20:18_avatar
31730,2022-10-15_15:20:19_avatar
31731,2022-10-15_15:20:20_avatar
31732,2022-10-15_15:20:22_avatar
31733,2022-10-15_15:20:23_avatar
31734,2022-10-15_15:20:24_avatar
31735,2022-10-15_15:20:26_avatar
31736,2022-10-15_15:20:27_avatar
31737,2022-10-15_15:20:28_avatar
31738,2022-10-15_15:20:29_avatar
31739,2022-10-15_15:20:31_avatar
31740,2022-10-15_15:20:32_avatar
31741,2022-10-15_15:20:33_avatar
31742,2022-10-15_15:20:34_avatar
31743,2022-10-15_15:20:36_avatar
31744,2022-10-15_15:20:37_avatar
31745,2022-10-15_15:20:38_avatar
31746,2022-10-15_15:20:39_avatar
31747,2022-10-15_15:20:41_avatar
31748,2022-10-15_15:20:42_avatar
31749,2022-10-15_15:20:43_avatar
31750,2022-10-15_15:20:45_avatar
31751,2022-10-15_15:20:46_avatar
31752,2022-10-15_15:20:47_avatar
31753,2022-10-15_15:20:48_avatar
31754,2022-10-15_15:20:50_avatar
31755,2022-10-15_15:20:51_avatar
31756,2022-10-15_15:20:52_avatar
31757,2022-10-15_15:20:53_avatar
31758,2022-10-15_15:20:55_avatar
31759,2022-10-15_15:20:56_avatar
31760,2022-10-15_15:20:57_avatar
31761,2022-10-15_15:20:58_avatar
31762,2022-10-15_15:21:00_avatar
31763,2022-10-15_15:21:01_avatar
31764,2022-10-15_15:21:02_avatar
31765,2022-10-15_15:21:04_avatar
31766,2022-10-15_15:21:05_avatar
31767,2022-10-15_15:21:06_avatar
31768,2022-10-15_15:21:07_avatar
31769,2022-10-15_15:21:09_avatar
31770,2022-10-15_15:21:10_avatar
31771,2022-10-15_15:21:11_avatar
31772,2022-10-15_15:21:13_avatar
31773,2022-10-15_15:21:14_avatar
31774,2022-10-15_15:21:15_avatar
31775,2022-10-15_15:21:16_avatar
31776,2022-10-15_15:21:18_avatar
31777,2022-10-15_15:21:19_avatar
31778,2022-10-15_15:21:20_avatar
31779,2022-10-15_15:21:22_avatar
31780,2022-10-15_15:21:23_avatar
31781,2022-10-15_15:21:24_avatar
31782,2022-10-15_15:21:25_avatar
31783,2022-10-15_15:21:27_avatar
31784,2022-10-15_15:21:28_avatar
31785,2022-10-15_15:21:29_avatar
31786,2022-10-15_15:21:30_avatar
31787,2022-10-15_15:21:32_avatar
31860,2022-10-15_15:28:23_avatar
31861,2022-10-15_15:28:24_avatar
31862,2022-10-15_15:28:25_avatar
31863,2022-10-15_15:28:27_avatar
31864,2022-10-15_15:28:28_avatar
31865,2022-10-15_15:28:29_avatar
31866,2022-10-15_15:28:30_avatar
31867,2022-10-15_15:28:32_avatar
31868,2022-10-15_15:28:33_avatar
31869,2022-10-15_15:28:34_avatar
31870,2022-10-15_15:28:36_avatar
31871,2022-10-15_15:28:37_avatar
31872,2022-10-15_15:28:38_avatar
31873,2022-10-15_15:28:39_avatar
31874,2022-10-15_15:28:41_avatar
31875,2022-10-15_15:28:42_avatar
31876,2022-10-15_15:28:43_avatar
31877,2022-10-15_15:28:44_avatar
31878,2022-10-15_15:28:46_avatar
31879,2022-10-15_15:28:47_avatar
31880,2022-10-15_15:28:48_avatar
31881,2022-10-15_15:28:50_avatar
31882,2022-10-15_15:28:51_avatar
31883,2022-10-15_15:28:52_avatar
31884,2022-10-15_15:28:53_avatar
31885,2022-10-15_15:28:55_avatar
31886,2022-10-15_15:28:56_avatar
31887,2022-10-15_15:28:57_avatar
31888,2022-10-15_15:28:58_avatar
31889,2022-10-15_15:29:00_avatar
31890,2022-10-15_15:29:01_avatar
31891,2022-10-15_15:29:02_avatar
31892,2022-10-15_15:29:04_avatar
31893,2022-10-15_15:29:05_avatar
31894,2022-10-15_15:29:06_avatar
31895,2022-10-15_15:29:07_avatar
31896,2022-10-15_15:29:09_avatar
31897,2022-10-15_15:29:10_avatar
31898,2022-10-15_15:29:11_avatar
31899,2022-10-15_15:29:12_avatar
31900,2022-10-15_15:29:14_avatar
31901,2022-10-15_15:29:15_avatar
31902,2022-10-15_15:29:16_avatar
31903,2022-10-15_15:29:18_avatar
31904,2022-10-15_15:29:19_avatar
31905,2022-10-15_15:29:20_avatar
31906,2022-10-15_15:29:21_avatar
31907,2022-10-15_15:29:23_avatar
31908,2022-10-15_15:29:24_avatar
31909,2022-10-15_15:29:25_avatar
31910,2022-10-15_15:29:26_avatar
31911,2022-10-15_15:29:28_avatar
31912,2022-10-15_15:29:29_avatar
31913,2022-10-15_15:29:30_avatar
31914,2022-10-15_15:29:32_avatar
31915,2022-10-15_15:29:33_avatar
31916,2022-10-15_15:29:34_avatar
31917,2022-10-15_15:29:35_avatar
31918,2022-10-15_15:29:37_avatar
31919,2022-10-15_15:29:38_avatar
31920,2022-10-15_15:29:39_avatar
31921,2022-10-15_15:29:41_avatar
31922,2022-10-15_15:29:42_avatar
31923,2022-10-15_15:29:43_avatar
31924,2022-10-15_15:29:44_avatar
31925,2022-10-15_15:29:46_avatar
31926,2022-10-15_15:29:47_avatar
31927,2022-10-15_15:29:48_avatar
31928,2022-10-15_15:29:49_avatar
31929,2022-10-15_15:29:51_avatar
31930,2022-10-15_15:29:52_avatar
31931,2022-10-15_15:29:53_avatar
31932,2022-10-15_15:29:55_avatar
31933,2022-10-15_15:29:56_avatar
31934,2022-10-15_15:29:57_avatar
31935,2022-10-15_15:29:58_avatar
31936,2022-10-15_15:30:00_avatar
31937,2022-10-15_15:30:01_avatar
31938,2022-10-15_15:30:02_avatar
31939,2022-10-15_15:30:04_avatar
31940,2022-10-15_15:30:05_avatar
31941,2022-10-15_15:30:06_avatar
31942,2022-10-15_15:30:07_avatar
31943,2022-10-15_15:30:09_avatar
31944,2022-10-15_15:30:10_avatar
31945,2022-10-15_15:30:11_avatar
31946,2022-10-15_15:30:12_avatar
31947,2022-10-15_15:30:14_avatar
31948,2022-10-15_15:30:15_avatar
31949,2022-10-15_15:30:16_avatar
31950,2022-10-15_15:30:18_avatar
31951,2022-10-15_15:30:19_avatar
31952,2022-10-15_15:30:20_avatar
31953,2022-10-15_15:30:21_avatar
31954,2022-10-15_15:30:23_avatar
31955,2022-10-15_15:30:24_avatar
31956,2022-10-15_15:30:25_avatar
31957,2022-10-15_15:30:27_avatar
31958,2022-10-15_15:30:28_avatar
31959,2022-10-15_15:30:29_avatar
31960,2022-10-15_15:30:30_avatar
31961,2022-10-15_15:30:32_avatar
31962,2022-10-15_15:30:33_avatar
31963,2022-10-15_15:30:34_avatar
31964,2022-10-15_15:30:36_avatar
31965,2022-10-15_15:30:37_avatar
31966,2022-10-15_15:30:38_avatar
31967,2022-10-15_15:30:39_avatar
31968,2022-10-15_15:30:41_avatar
31969,2022-10-15_15:30:42_avatar
31970,2022-10-15_15:30:43_avatar
31971,2022-10-15_15:30:44_avatar
31972,2022-10-15_15:30:46_avatar
31973,2022-10-15_15:30:47_avatar
31974,2022-10-15_15:30:48_avatar
31975,2022-10-15_15:30:50_avatar
31976,2022-10-15_15:30:51_avatar
31977,2022-10-15_15:30:52_avatar
31978,2022-10-15_15:30:53_avatar
31979,2022-10-15_15:30:55_avatar
31980,2022-10-15_15:30:56_avatar
31981,2022-10-15_15:30:57_avatar
31982,2022-10-15_15:30:58_avatar
31983,2022-10-15_15:31:00_avatar
31984,2022-10-15_15:31:01_avatar
31985,2022-10-15_15:31:02_avatar
31986,2022-10-15_15:31:03_avatar
31987,2022-10-15_15:31:05_avatar
31988,2022-10-15_15:31:06_avatar
31989,2022-10-15_15:31:07_avatar
31990,2022-10-15_15:31:08_avatar
31991,2022-10-15_15:31:10_avatar
31992,2022-10-15_15:31:11_avatar
31993,2022-10-15_15:31:12_avatar
31994,2022-10-15_15:31:14_avatar
31995,2022-10-15_15:31:15_avatar
31996,2022-10-15_15:31:16_avatar
31997,2022-10-15_15:31:17_avatar
31998,2022-10-15_15:31:19_avatar
31999,2022-10-15_15:31:20_avatar
32000,2022-10-15_15:31:21_avatar
32001,2022-10-15_15:31:22_avatar
32002,2022-10-15_15:31:24_avatar
32003,2022-10-15_15:31:25_avatar
32004,2022-10-15_15:31:26_avatar
32005,2022-10-15_15:31:28_avatar
32006,2022-10-15_15:31:29_avatar
32007,2022-10-15_15:31:30_avatar
32008,2022-10-15_15:31:31_avatar
32009,2022-10-15_15:31:33_avatar
32010,2022-10-15_15:31:34_avatar
32011,2022-10-15_15:31:35_avatar
32012,2022-10-15_15:31:36_avatar
32013,2022-10-15_15:31:38_avatar
32014,2022-10-15_15:31:39_avatar
32015,2022-10-15_15:31:40_avatar
32016,2022-10-15_15:31:42_avatar
32017,2022-10-15_15:31:43_avatar
32018,2022-10-15_15:31:44_avatar
32019,2022-10-15_15:31:45_avatar
32020,2022-10-15_15:31:47_avatar
32021,2022-10-15_15:31:48_avatar
32022,2022-10-15_15:31:49_avatar
32023,2022-10-15_15:31:51_avatar
32024,2022-10-15_15:31:52_avatar
32025,2022-10-15_15:31:53_avatar
32026,2022-10-15_15:31:54_avatar
32027,2022-10-15_15:31:56_avatar
32028,2022-10-15_15:31:57_avatar
32029,2022-10-15_15:31:58_avatar
32030,2022-10-15_15:31:59_avatar
32031,2022-10-15_15:32:01_avatar
32032,2022-10-15_15:32:02_avatar
32033,2022-10-15_15:32:03_avatar
32034,2022-10-15_15:32:04_avatar
32035,2022-10-15_15:32:06_avatar
32036,2022-10-15_15:32:07_avatar
32037,2022-10-15_15:32:08_avatar
32038,2022-10-15_15:32:10_avatar
32039,2022-10-15_15:32:11_avatar
32040,2022-10-15_15:32:12_avatar
32041,2022-10-15_15:32:13_avatar
32042,2022-10-15_15:32:15_avatar
32043,2022-10-15_15:32:16_avatar
32044,2022-10-15_15:32:17_avatar
32045,2022-10-15_15:32:18_avatar
32046,2022-10-15_15:32:20_avatar
32047,2022-10-15_15:32:21_avatar
32048,2022-10-15_15:32:22_avatar
32049,2022-10-15_15:32:23_avatar
32050,2022-10-15_15:32:25_avatar
32051,2022-10-15_15:32:26_avatar
32052,2022-10-15_15:32:27_avatar
32053,2022-10-15_15:32:29_avatar
32054,2022-10-15_15:32:30_avatar
32055,2022-10-15_15:32:31_avatar
32056,2022-10-15_15:32:32_avatar
32057,2022-10-15_15:32:34_avatar
32058,2022-10-15_15:32:35_avatar
32059,2022-10-15_15:32:36_avatar
32060,2022-10-15_15:32:37_avatar
32061,2022-10-15_15:32:39_avatar
32062,2022-10-15_15:32:40_avatar
32063,2022-10-15_15:32:41_avatar
32064,2022-10-15_15:32:43_avatar
32065,2022-10-15_15:32:44_avatar
32066,2022-10-15_15:32:45_avatar
32067,2022-10-15_15:32:46_avatar
32068,2022-10-15_15:32:48_avatar
32069,2022-10-15_15:32:49_avatar
32070,2022-10-15_15:32:50_avatar
32071,2022-10-15_15:32:51_avatar
32072,2022-10-15_15:32:53_avatar
32073,2022-10-15_15:32:54_avatar
32074,2022-10-15_15:32:55_avatar
32075,2022-10-15_15:32:57_avatar
32076,2022-10-15_15:32:58_avatar
32077,2022-10-15_15:32:59_avatar
32078,2022-10-15_15:33:00_avatar
32079,2022-10-15_15:33:02_avatar
32080,2022-10-15_15:33:03_avatar
32081,2022-10-15_15:33:04_avatar
32082,2022-10-15_15:33:05_avatar
32083,2022-10-15_15:33:07_avatar
32084,2022-10-15_15:33:08_avatar
32085,2022-10-15_15:33:09_avatar
32086,2022-10-15_15:33:10_avatar
32087,2022-10-15_15:33:12_avatar
32088,2022-10-15_15:33:13_avatar
32089,2022-10-15_15:33:14_avatar
32090,2022-10-15_15:33:16_avatar
32091,2022-10-15_15:33:17_avatar
32092,2022-10-15_15:33:18_avatar
32093,2022-10-15_15:33:19_avatar
32094,2022-10-15_15:33:21_avatar
32095,2022-10-15_15:33:22_avatar
32096,2022-10-15_15:33:23_avatar
32097,2022-10-15_15:33:24_avatar
32098,2022-10-15_15:33:26_avatar
32099,2022-10-15_15:33:27_avatar
32100,2022-10-15_15:33:28_avatar
32101,2022-10-15_15:33:30_avatar
32102,2022-10-15_15:33:31_avatar
32103,2022-10-15_15:33:32_avatar
32104,2022-10-15_15:33:33_avatar
32105,2022-10-15_15:33:35_avatar
32106,2022-10-15_15:33:36_avatar
32107,2022-10-15_15:33:37_avatar
32108,2022-10-15_15:33:38_avatar
32109,2022-10-15_15:33:40_avatar
32110,2022-10-15_15:33:41_avatar
32111,2022-10-15_15:33:42_avatar
32112,2022-10-15_15:33:44_avatar
32113,2022-10-15_15:33:45_avatar
32114,2022-10-15_15:33:46_avatar
32115,2022-10-15_15:33:47_avatar
32116,2022-10-15_15:33:49_avatar
32117,2022-10-15_15:33:50_avatar
32118,2022-10-15_15:33:51_avatar
32119,2022-10-15_15:33:52_avatar
32120,2022-10-15_15:33:54_avatar
32121,2022-10-15_15:33:55_avatar
32122,2022-10-15_15:33:56_avatar
32123,2022-10-15_15:33:58_avatar
32124,2022-10-15_15:33:59_avatar
32125,2022-10-15_15:34:00_avatar
32126,2022-10-15_15:34:01_avatar
32127,2022-10-15_15:34:03_avatar
32128,2022-10-15_15:34:04_avatar
32129,2022-10-15_15:34:05_avatar
32130,2022-10-15_15:34:06_avatar
32131,2022-10-15_15:34:08_avatar
32132,2022-10-15_15:34:09_avatar
32133,2022-10-15_15:34:10_avatar
32134,2022-10-15_15:34:12_avatar
32135,2022-10-15_15:34:13_avatar
32136,2022-10-15_15:34:14_avatar
32137,2022-10-15_15:34:15_avatar
32138,2022-10-15_15:34:17_avatar
32139,2022-10-15_15:34:18_avatar
32140,2022-10-15_15:34:19_avatar
32141,2022-10-15_15:34:21_avatar
32142,2022-10-15_15:34:22_avatar
32143,2022-10-15_15:34:23_avatar
32144,2022-10-15_15:34:24_avatar
32145,2022-10-15_15:34:26_avatar
32146,2022-10-15_15:34:27_avatar
32147,2022-10-15_15:34:28_avatar
32148,2022-10-15_15:34:30_avatar
32149,2022-10-15_15:34:31_avatar
32150,2022-10-15_15:34:32_avatar
32151,2022-10-15_15:34:33_avatar
32152,2022-10-15_15:34:35_avatar
32153,2022-10-15_15:34:36_avatar
32154,2022-10-15_15:34:37_avatar
32155,2022-10-15_15:34:39_avatar
32156,2022-10-15_15:34:40_avatar
32157,2022-10-15_15:34:41_avatar
32158,2022-10-15_15:34:42_avatar
32159,2022-10-15_15:34:44_avatar
32160,2022-10-15_15:34:45_avatar
32161,2022-10-15_15:34:46_avatar
32162,2022-10-15_15:34:47_avatar
32163,2022-10-15_15:34:49_avatar
32164,2022-10-15_15:34:50_avatar
32165,2022-10-15_15:34:51_avatar
32166,2022-10-15_15:34:53_avatar
32167,2022-10-15_15:34:54_avatar
32168,2022-10-15_15:34:55_avatar
32169,2022-10-15_15:34:56_avatar
32170,2022-10-15_15:34:58_avatar
32171,2022-10-15_15:34:59_avatar
32172,2022-10-15_15:35:00_avatar
32173,2022-10-15_15:35:01_avatar
32174,2022-10-15_15:35:03_avatar
32175,2022-10-15_15:35:04_avatar
32176,2022-10-15_15:35:05_avatar
32177,2022-10-15_15:35:07_avatar
32178,2022-10-15_15:35:08_avatar
32179,2022-10-15_15:35:09_avatar
32180,2022-10-15_15:35:10_avatar
32181,2022-10-15_15:35:12_avatar
32182,2022-10-15_15:35:13_avatar
32183,2022-10-15_15:35:14_avatar
32184,2022-10-15_15:35:15_avatar
32185,2022-10-15_15:35:17_avatar
32186,2022-10-15_15:35:18_avatar
32187,2022-10-15_15:35:19_avatar
32188,2022-10-15_15:35:21_avatar
32189,2022-10-15_15:35:22_avatar
32190,2022-10-15_15:35:23_avatar
32191,2022-10-15_15:35:24_avatar
32192,2022-10-15_15:35:26_avatar
32193,2022-10-15_15:35:27_avatar
32194,2022-10-15_15:35:28_avatar
32195,2022-10-15_15:35:29_avatar
32196,2022-10-15_15:35:31_avatar
32197,2022-10-15_15:35:32_avatar
32198,2022-10-15_15:35:33_avatar
32199,2022-10-15_15:35:34_avatar
32200,2022-10-15_15:35:36_avatar
32201,2022-10-15_15:35:37_avatar
32202,2022-10-15_15:35:38_avatar
32203,2022-10-15_15:35:40_avatar
32204,2022-10-15_15:35:41_avatar
32205,2022-10-15_15:35:42_avatar
32206,2022-10-15_15:35:43_avatar
32207,2022-10-15_15:35:45_avatar
32208,2022-10-15_15:35:46_avatar
32209,2022-10-15_15:35:47_avatar
32210,2022-10-15_15:35:49_avatar
32211,2022-10-15_15:35:50_avatar
32212,2022-10-15_15:35:51_avatar
32213,2022-10-15_15:35:52_avatar
32214,2022-10-15_15:35:54_avatar
32215,2022-10-15_15:35:55_avatar
32216,2022-10-15_15:35:56_avatar
32217,2022-10-15_15:35:57_avatar
32218,2022-10-15_15:35:59_avatar
32219,2022-10-15_15:36:00_avatar
32220,2022-10-15_15:36:01_avatar
32221,2022-10-15_15:36:03_avatar
32222,2022-10-15_15:36:04_avatar
32223,2022-10-15_15:36:05_avatar
32224,2022-10-15_15:36:06_avatar
32225,2022-10-15_15:36:08_avatar
32226,2022-10-15_15:36:09_avatar
32227,2022-10-15_15:36:10_avatar
32228,2022-10-15_15:36:12_avatar
32229,2022-10-15_15:36:13_avatar
32230,2022-10-15_15:36:14_avatar
32231,2022-10-15_15:36:15_avatar
32232,2022-10-15_15:36:17_avatar
32233,2022-10-15_15:36:18_avatar
32234,2022-10-15_15:36:19_avatar
32235,2022-10-15_15:36:20_avatar
32236,2022-10-15_15:36:22_avatar
32237,2022-10-15_15:36:23_avatar
32238,2022-10-15_15:36:24_avatar
32239,2022-10-15_15:36:26_avatar
32240,2022-10-15_15:36:27_avatar
32241,2022-10-15_15:36:28_avatar
32242,2022-10-15_15:36:29_avatar
32243,2022-10-15_15:36:31_avatar
32244,2022-10-15_15:36:32_avatar
32245,2022-10-15_15:36:33_avatar
32246,2022-10-15_15:36:34_avatar
32247,2022-10-15_15:36:36_avatar
32248,2022-10-15_15:36:37_avatar
32249,2022-10-15_15:36:38_avatar
32250,2022-10-15_15:36:40_avatar
32251,2022-10-15_15:36:41_avatar
32252,2022-10-15_15:36:42_avatar
32253,2022-10-15_15:36:43_avatar
32254,2022-10-15_15:36:45_avatar
32255,2022-10-15_15:36:46_avatar
